0.627965790418824,0.97621426079935,-0.118605532300393,0.265329259087203,0.254825863065744
0.816033156998913,1.05109667017856,-0.159165049984272,0.0411054739414093,0.251659777310758
0.590527716685727,0.880327506612283,0.203036855720257,0.205251910821937,0.243205973085346
0.385159285851064,0.867098253269443,-0.0152667768602169,0.136193914442824,0.212928235819567
0.173359882612192,0.920813978111076,-0.226565625630758,0.0457367380611347,0.167456585041884
0.337559831144723,0.80334585576053,0.495886853145533,0.0588981689724817,0.178239680888312
-0.0768391003313285,0.733331675095094,0.88388819636301,0.0258549688281612,0.189228094387951
0.142632689919397,0.755776992648142,1.09745222846949,0.069419937399207,0.179282250746608
0.353344254446293,0.744140027779976,-0.220220383153578,0.125980370078674,0.107687669511991
0.451681513776737,0.716561905507115,-0.00344051847981032,0.078650852914291,0.0796566183761135
0.301181494278361,0.64190148626995,-0.444205168317563,0.158354434223899,0.0240886577750877
0.182153945582367,0.609692679836674,-0.360620812933582,0.12923384629475,0.0452401576873135
0.142277856530744,1.15448865434504,-0.628230845838521,-0.0204339628258175,0.0533440464774692
0.210788745679957,0.67270420412321,-0.569308787738603,-0.125643743911979,-0.0574276267530984
0.578669126834885,0.586172295738557,0.330764994789564,0.086235272368608,-0.0901912141677259
0.0422210218785647,0.304579401293829,-0.0435861171203751,0.0544802907422317,-0.169004487210684
0.719801956395967,0.123474452220567,0.494777004282141,0.0617775612835509,-0.200257356087236
0.349744318151529,0.0176326180694502,0.146652894611211,0.179271520179883,-0.0967425981547381
-0.382272539574829,-0.0918230494791627,0.16160856290151,0.305943706717354,-0.307792909578976
-0.0235847669600247,-0.384459817578529,-0.042962964274946,-0.121892367287128,-0.326206604959932
-0.234559714391018,-0.377629014792589,0.41245714883268,-0.628415146634088,-0.302583012301351
-0.231515577347326,-0.525200359528385,-0.0349074628935229,-0.440040190920162,-0.300589435911018
-0.331725104902631,-0.764897613214782,0.602791680343493,-0.100585391063954,-0.307349242255467
-0.647441680880104,-0.64038998714203,0.131669934955419,-0.0460718822872324,-0.365129671074085
-0.526151880986711,-0.249920502290664,-0.287407176437034,0.0463847989106526,-0.60060438525993
-0.672975556982392,-0.690491501051911,0.0144125831136881,-0.163855624490259,-0.352890723429829
-0.28675980327122,-0.411579311238189,-1.00272751169776,0.0232996069418508,-0.630183055107056
-0.0338283715507936,-0.614757223379294,-0.320779967874359,-0.0759696163570636,-0.655512860876339
0.196911675380342,-0.840343907757543,-0.526838874470197,-0.200352514771645,-0.383021928835521
0.281405985187232,-0.745116781421139,-0.443268164768962,-0.196746029800141,-0.406353119432203
0.344936059217356,-0.834835380946969,-1.06016673893921,-0.0216036336273864,-0.482619313487242
-0.144448543203603,-0.412650300413302,-0.177700435715101,-0.164893575606967,-0.476757275631881
-0.184383379612298,-0.86490009483819,0.211801932604505,-0.30857077346004,-0.907666758716874
0.0278804128973352,-1.26879666098211,0.0349402385255246,-0.147662006433404,-0.943400377449163
-0.229000425744458,-1.14608443681333,0.360489840372624,-0.135828309945459,-0.59592238949423
-0.623293049959762,-1.06658538754799,0.274922312429467,0.129586855050178,-0.361622627718985
-0.873789933525042,-1.17945861598551,-0.261002780322319,-0.142171929968382,-0.302629226587201
-0.400198341305611,-1.2143618088912,-0.281962549021132,-0.104832033703885,-0.245791202743012
-0.50960954225109,-1.20061050118029,-0.093233659513505,-0.169066455223375,-0.234473283421141
-0.29787384408889,-1.39768761077128,0.051465160331685,-0.030563206591656,-0.15505886838461
-0.370856256080327,-0.905587565574443,0.461827229009962,0.0229729421233947,-0.218227536835054
0.219753100835842,1.81847545986384,-0.212210014436168,0.0765261815020883,-0.287412279873388
0.152270760284648,1.36634692944172,-0.825337831607431,-0.151172368930348,-0.462653950696018
0.0566392655344462,1.33452366098984,0.428923292292081,0.0810994889604747,-0.681200697714807
0.0632704585229648,1.04815471659508,1.17312244080557,-0.104111559923082,-0.583105786321087
-0.519782721922832,0.983491404435254,0.768614370025598,-0.00583023426062765,-0.442045483911556
-0.0918164885127351,0.658428928922322,0.295786914294196,0.0366836112252245,-0.874147885974225
-0.412668435707697,0.0274644303006093,0.655982904634972,-0.029861173566734,-0.557092436654278
-0.453056838652867,-0.137907352539824,0.700349567805159,-0.104706932898655,-0.704461548946905
-0.477182787195961,-0.0493402324923128,0.276541953060543,0.0456115714651274,-0.825249303389819
0.0216917978316945,0.0505785875401454,0.44232790131018,-0.0742849544830758,-0.993013268636832
-0.777586571301648,-0.158490218105186,-0.369340051263531,-0.104224838852063,-0.809228520618109
-1.01346709298515,0.282800662973851,0.0125025404743035,-0.21669764336148,-1.19036455618537
-1.02723286572012,0.0564667627977357,-0.0197558535387131,-0.330213667774999,-1.08473997359285
-0.421580179711544,0.0718825435329136,1.06756853619953,-0.226869037426474,-0.767974127011316
-0.34306837120642,0.169042645255873,1.93707598937526,-0.345298206085321,0.114406531792585
-0.108811259665967,0.930745338574643,0.826972406571989,0.0674796735458102,-0.0234868959617055
0.26838581883433,1.14136158162513,-0.591878394056375,0.0908335736717291,0.112397177397171
0.198902163533431,0.498688930276096,-1.38359180989361,0.00127209114709681,0.265825959782991
-0.179176854399371,-1.02471629024637,-1.45179293226123,-0.0867271959150798,0.163859940291133
1.39350471899593,-0.475504977116751,-1.40427411637657,0.0589363347857025,-0.306489618506751
1.08942152926662,0.242503109616354,-0.860379944900759,0.165126110327233,-0.728282264875411
1.41186143395669,0.758097908740529,0.839980134535277,0.4156821450919,1.06990310322555
0.696833514772276,0.849206589393956,0.690573554142502,0.0706029146921128,0.713060105803405
1.40626058795468,0.555705871905021,1.64306495266136,0.322830304839431,1.03790378201831
0.832117693359903,0.738260899849714,0.916582448913903,0.3192501638049,0.891333749337836
0.808004706175237,0.655881566244709,1.46145910954747,0.2128417335865,1.02402829896966
0.842137633509307,0.762192192231176,0.855850063569599,0.14104396776227,0.796301806801382
0.847005433683756,0.744982670742756,1.15448583047944,0.227589069503577,0.826895358652726
0.863604883404948,0.663322615400732,0.952406914684703,0.156023130324704,-1.51812896930072
1.55020497918417,1.06872871451059,1.90976982194411,0.18169793129788,-1.44659760188001
1.02954348475865,0.732575082952904,2.30131449411479,0.0278150922617491,-1.360016053484
0.98727811509619,0.825265783149264,0.765956854195763,0.21406672665571,-1.3336713657105
1.02394174766324,0.278803070411104,-0.689932877967851,-0.0797287616401559,0.488056082963391
0.553799253929872,-0.298486673386349,-1.07834359166773,-0.0440775117355806,0.424369488771978
-0.0540050175776783,-0.693259142664628,-0.0670574947545831,-0.108251342200035,1.1259501400473
-0.602820526711613,-0.859229241792681,0.689550127936505,-0.184706716080962,1.26104549129091
-0.475450877613812,-0.805765860847216,0.581180664123741,0.0846205235550586,0.777853247118877
-0.575642988343731,-0.456072491775221,-0.0282446244622719,0.00239582747720402,0.718479087096743
-0.542465961193693,-0.135329959527945,-0.0569596895220822,0.10590115584126,0.595886023491861
-0.399543492067726,-0.326892350746579,-0.542846063642002,-0.0108103881269958,0.0807211789276479
-0.741328843208095,-0.374034298123202,0.290714112618209,0.101267257327837,0.261365442277048
-0.598953040262582,-0.0846696991413578,0.555800398231151,0.287361928455248,-0.0348364789365356
-0.988056989673864,-0.210628521586937,1.16418861492842,0.294975326240234,-0.0104876884470173
-0.402052993965054,0.519340303391581,1.48434362352969,0.15302892504624,0.0590247305332569
-1.07429214763201,0.0705568623827435,0.453707948481834,0.246947694746086,0.0351752324696757
-1.47232655400837,-0.236339208419943,0.121221791238534,0.0195679059510139,0.00887515573311942
-1.29987162970521,-0.164357470230177,0.583469294280387,0.134538115685402,0.0429783161378087
-0.626777188399019,0.412169503358097,0.467608350639727,0.212189504304871,0.0361520691229338
-0.16011012091102,0.380586195678814,-0.12474618883026,0.199217749739724,0.0153250362506726
-0.434179016963597,-0.0437167161141166,-1.59068824061722,0.119851370823361,-0.0576083697911841
-1.50307980713245,-0.300899378221254,-1.54030837991669,0.0994664323942169,-0.102005385732505
-1.47811866105568,-0.681552217369261,-0.494821653479591,0.0649058214802936,-0.186905507754827
-1.8313075773576,-0.631949048676226,0.101189928966492,0.0471684487168631,-0.15129353235203
-1.82353238247086,-0.695590451114115,0.403073368370032,0.114300703303303,-0.190175931930508
-1.44701950167856,-0.554514658745653,2.08661857435647,0.147854975824886,-0.0689812576468844
-1.36739544660337,-0.596669529624966,0.544906594838431,-0.00734769445355611,-0.0143828198303099
-0.922838674406004,-0.680055218540596,-0.516368186536509,0.00464670004991922,-0.113058539949764
-1.22925409856737,-0.544145453906404,1.23459124077916,-0.118100239878684,-0.0856785605590201
-1.39023741057724,-0.295268530311999,-0.552415531792171,-0.0677991266238281,-0.158775360567684
-0.557915435277172,-0.279225589672105,0.577515228041944,-0.347234534876109,-0.167868428482815
-0.890466871648278,-0.188790581143633,0.402263724527065,-0.201779121277408,-0.0138856447108611
-0.487915755893876,-0.53033721402981,0.267744584010856,0.153189623061771,-0.196815672745971
0.334577297276613,0.239828136139517,0.135463335465093,0.192007414190413,-0.181985823977105
0.389420045123214,0.0530142046675471,0.864870563881246,0.137839010988028,-0.0621103945053847
0.103095941651912,0.206258847264251,-0.471956037757166,-0.0855259618124698,-0.163502756270585
0.729413650477953,0.0225225297364506,-0.789673017707704,-0.203072608582746,-0.12170743157348
0.107168619192773,-0.0720644797196006,-1.16297341204615,-0.281627594240363,-0.142958521235838
0.589195082736955,0.232761449950937,-0.353388700371759,-0.168988822928021,-0.319201790000345
0.700021096963292,0.344428833977394,-0.842763820713899,-0.0727438835935235,-0.239320956774915
0.768816585140177,0.100419263217295,0.162395364646011,-0.0643401676993688,0.0589390203379157
1.07532241477658,0.29141758805594,-0.417855454227722,0.307699447797842,-0.0419236890657651
0.935793391303926,0.0687006472609533,-0.454448626793249,-0.0649355406749422,-0.126093666089105
0.987869699211145,-0.260676425632581,0.0103824588486314,0.0974010677355908,0.0846851109573747
1.19784127548287,-0.21485947247796,-0.316831916293556,0.125728703161875,0.0560711388789533
1.08414180910163,-0.174983096335549,-0.152583381633371,0.137831107806936,0.0383272910691774
1.28113582524776,-0.611954683507849,-0.634248691223669,0.0501953670749771,-0.0018273501351001
0.414201433360292,-0.291447581622107,0.392429735827666,0.0426372915576323,-0.410824767297152
0.736482694355853,-0.0210682096249274,-0.132078469026112,-0.00860166585343623,-0.445898000171631
0.529854338473541,0.199267667926708,1.42317002777658,-0.158029745147556,-0.0172600713884186
1.98452606473403,-0.00187524397071953,1.20104560402705,-0.132439244772691,0.391439457037711
2.18376320597303,1.05954259209654,0.555713975573756,-0.0507888465208322,0.521405277036029
0.918165133757547,0.485708192816252,-0.937132814028628,-0.174571103172446,0.556400383336964
0.824867169575246,0.145883765492645,-1.60350608527721,-0.212116482145327,0.491064122369185
0.0363857699786148,0.525899281513787,-1.81580561744917,-0.15453917349873,0.519017708589796
0.889065263917878,0.469021782791819,0.383496362189543,-0.201718530222372,0.578022866880205
0.228860304942316,0.153797588117876,-1.22480612315112,-0.0371505819302582,0.081679407281004
-0.554491470989205,-0.0408918589309858,0.1075446945464,-0.0366342407656017,0.0576422273021491
-0.338316588574057,-0.192336705124995,-0.323745302904282,0.104600874130142,-0.00192750363779825
-0.0424363995680772,-0.0919027773547603,-0.0125782506721225,0.0586201665387385,-0.0136328645986218
-0.0824041254237824,-0.131837595799874,-0.326242462846914,-0.0327037253693387,-0.0676679105711993
-0.0418232463059635,0.344978503623699,-0.088430052499684,-0.0496244360866289,-0.0477257184032181
-0.191818161666417,0.415317061721191,0.0731484769030786,0.00249967760670803,-0.0164992089745085
0.126603571327623,0.333993766934793,0.305775527806591,-0.458527122589139,-0.10140484820893
0.178536939753933,0.243343412867163,1.22989755189522,0.0204240923226417,-0.0998805402277693
-0.27635935108657,-0.15435555094362,1.23109837197693,0.120665406895833,-0.128313014350973
-0.132816113900413,-0.12002605909211,1.22560371039095,0.169053950326502,-0.133373478651447
-0.0181323943635845,-0.0131663925890107,1.3666909728692,0.166045472724268,0.0162174974063132
-0.137645921092972,-0.244754316183594,0.599189546785394,-0.0727886598663474,-0.17564377219827
0.0323640616657488,-0.342136710076008,0.426949190596603,-0.398512999772607,-0.175019930236098
0.117189453171973,-0.0520907783535436,-0.278145979725983,0.0570158207771272,-0.183390416415326
0.357510374235778,0.673684743449878,0.0963461375723376,0.0730250312751767,-0.188918927601998
0.223637120521481,0.380170283714054,0.0938626233124523,-0.143780301219225,-0.213581985414648
-0.701976905341103,-0.128433444927709,0.42119980959936,-0.192319005090636,-0.251847770375216
-0.312976241754791,0.0166649749297647,0.322468746366627,0.192305109098229,-0.452711343648283
0.185387017682897,-0.0679414634493261,0.637906897298479,0.299827887850556,-0.40264691917879
0.68824438512987,-0.120564120912602,0.720727094448649,-0.0797671687703022,-0.147298331586963
0.852164011883009,0.176441624601484,0.688095718440558,-0.0884211520656935,-0.349886084537808
1.42670449614755,0.0783239449936692,0.164360768942422,0.118278646206145,-0.364112093783202
0.51894806286702,-0.0938593108788386,0.275573083327399,0.195134447929051,-0.0572416012267558
0.338359886150572,-0.0177913231273768,0.669628561123462,0.273315349681662,-0.0373801211892805
0.0101197054247341,0.150637898226629,0.46513435948257,0.0385961400461148,-0.0555123573183139
0.280847503510345,0.492206292187275,-0.236358350594908,0.101244656559874,-0.0666825996023092
0.648357667764337,0.202925758312406,-0.286706371369031,0.0773744152692988,-0.538742799531677
0.517630135740408,-0.305966512209911,-0.469417514785397,0.0642024467831629,-0.609128480196374
0.457891234747797,-0.201146844504026,-0.322462608726099,0.280541491593156,-0.310226949038249
0.0317151269535261,-0.401495212909359,0.748418733302463,0.145760641255619,-0.0563677033324511
-0.873451383887705,-0.401931944535759,-0.287361364140869,-0.0515501778793019,-0.0223176181009815
0.365343085150531,-0.314289330372348,0.0457888829960995,0.106776883324051,0.0386984825647073
-1.11914689424048,-0.359981697222757,-1.18684383375002,0.00345332812510427,-0.0209908609227883
-1.93092001289798,-0.799578959633028,-0.244354720684429,0.14770745819787,0.0214207221146923
-2.33216154540026,-0.234657993103994,-0.668112301258974,0.212824401605931,-0.308640750559739
-0.850602438003799,-1.30951098795465,1.03770272942136,0.00957859426443412,0.367511414230163
-0.789048055737938,0.449801812502027,-1.16832657181144,-0.033688687818825,0.315279499036917
-0.238556075899889,0.382501650090275,-0.583340701024633,0.0908838869419564,0.289420519335945
-0.212817410334447,-0.122034237560075,0.775073370718937,0.120892265547071,0.293085902606548
-0.384022211617264,0.0146046816332143,0.273630918267867,0.0923907601367704,0.250302314926698
-0.468176585496845,-0.158722095295513,-0.337481886417812,0.089405992077812,0.230090792211991
-0.502447632306658,-0.0234201290992935,-0.702149112138564,0.0498347643517626,0.161064870204501
-0.194029597259742,-0.482007547272023,-1.45588659289195,0.0727092048247861,0.119988717158329
-0.0614127690263178,-0.637975706884272,-0.996541071714208,-0.493016304079961,0.111614820894132
-0.137364239392756,-0.233644070264671,-1.38207709491546,0.164812877267243,-0.0396998665909335
-0.552080076082361,-0.368042942809607,-0.568507843879054,0.15253133385077,-0.1063015184765
-0.0579690673258699,0.838655299727493,0.460881525477943,-0.0846299587421069,-0.155455959227165
-0.00773732111970264,0.626654563056383,-0.243872502775978,0.169607473796196,-0.214225668964339
-0.173357931746082,0.516948998033577,0.190028368640223,0.0821719469852261,-0.107970271549335
0.211159478968629,0.233690180833043,0.420990646248648,0.270423086195383,-0.310222411063079
0.34783319618818,0.598046527335373,-0.131350202847325,-0.0724590598609173,-0.3376144020964
0.334485913313443,1.00586627844549,0.747345343377799,-0.0503907438592453,-0.310042745392322
0.342381405808079,0.73027986339256,-0.209835621444985,0.0395869728695489,-0.333125661444542
0.525419765318276,0.380437443796618,-0.229649152793082,0.0320657788639653,-0.375044054581276
-0.29123484394852,0.469910797070279,0.830743207764243,0.00485249197160856,-0.398466961194589
0.842388408519852,-0.39773148156896,0.40940091303585,-0.00492901182619594,-0.599806419459604
0.958196525900271,-0.280249314944122,0.379325828262293,-0.132860438550942,-0.566694494410229
0.0611495770374935,-0.0502102996281547,-0.351304963040141,-0.110612983777859,-0.357428369979867
-0.125074959803064,0.188385315142156,-0.120365428236294,-0.344644616658429,-0.603994207388747
0.235269468839159,0.495064092328928,-0.0710499307899983,-0.354960902376771,-0.619942207749924
0.262017662209128,-0.500114694205574,0.378229625081647,-0.304915325310546,-0.295361718839119
0.35495886500071,-0.227053228251328,-0.226688039637064,-0.182468706263427,-0.32021966046291
0.586038418514157,-0.367973325492951,-0.0745978083041203,-0.113816406513687,-0.369997077930307
0.324409024195448,-0.690909482776562,-0.711005160241122,-0.12874814998957,-0.403962033189848
-0.523636375013087,-0.310051113980031,0.0977971989557988,-0.157834490800656,-0.83776011272757
-0.588111680409088,0.453045133781483,0.450870142902837,-0.171741455128318,-0.86913594825017
-0.0570921982147647,0.897399327807103,-0.834130155663901,0.178266725878982,-0.415428876520964
-0.719725283298521,0.691658109086985,-0.279132946993252,0.021625676641854,-0.374849679738041
-0.439618662456428,0.739757785362165,-0.640015770032274,0.0620530823195022,-0.344793445304878
-0.296082148974955,1.30784883152515,-0.21151404042282,0.124077247527019,-0.350124324253718
-0.883641669712053,2.06902463803738,0.0374150528019922,-0.0977360673858121,-0.289002724720509
-0.80501725940559,1.71043052136511,0.0274855443233662,0.033048407713031,-0.504502688061438
-0.86705113092478,1.94069017374036,0.117278685357061,0.114485420075415,-0.462390683533327
-0.22285626814796,-0.262025605072226,-0.062572170589755,0.0634457291182265,0.154061512545582
0.144481429030455,-0.111117763602795,-0.61862464539281,-0.253063501635132,0.118505879889961
0.680781936517681,-0.108725857575635,-0.662836657491868,-0.306467930665322,0.0443101978139001
0.0730605366955775,-0.195993655730497,-0.955154473290026,0.0400365067246658,0.0342964069571292
0.398706717824809,-0.201370347579161,0.920622014109008,0.059636395832036,0.0423740279136653
0.140535748499636,-0.241461012164816,-0.523045734874547,0.126083708057197,0.0360737737810671
0.311775140407758,-0.190255437079067,0.45223850239209,0.104663452905043,0.118115196125448
-0.12117684153848,-0.726208049193942,0.644306035611724,-0.00413964118413673,0.0528212812874336
-0.131568043598342,-0.224869891786391,-0.923864922752019,-0.129463018148628,0.00268460373402973
-0.108846377232384,-0.639186856414568,-0.377500882699067,-0.126994591254326,0.0324794271610809
-0.109052867873833,-0.817668138732096,-0.518929287245983,-0.592405022562359,-0.0992593469094315
-0.20122035857578,-1.24106132888236,-0.131874044698938,-0.572768251943228,0.02247795841731
-0.606924324767686,-0.767305522131328,-0.400944165657765,-0.562702233626123,-0.175592877418411
-0.481051712568268,0.00589233418935908,-1.08462471118998,0.527188589215915,-0.0650199561550686
-0.349841937002344,-0.323416752335502,-0.889818944299195,0.291937232053528,-0.102350359898308
-0.0606973609287146,-0.258511667238653,0.130446011861227,0.418986136889703,-0.144676690811563
-0.190240710843306,-0.482374832235126,-0.13030024262216,0.675644577235758,-0.115406913586484
-0.712297738529019,-1.07658158398008,0.441822297895501,0.451331222704259,-0.033541879159546
-0.79392675373597,0.12197052642601,-0.122717791575954,-0.301067423586006,-0.296624071210683
0.361877190400989,0.734695937442669,-0.280662020807199,-0.10047414990434,-0.16794797588573
0.576580634600649,2.56996576078252,-1.2146680677653,0.178624055954696,-0.189250674893739
0.393364816271711,0.812525681245274,0.338510833820818,0.156964070976094,-0.222504449298469
0.150513078183209,0.742394615974432,0.333684810689429,0.113001308956767,-0.3647780802987
-0.165156755895435,1.24216691230517,0.195940740484102,0.0660695852406647,-0.158737387281144
0.228704741135172,0.690720294357444,-0.335986167222924,-0.939296715825839,-0.252142312113042
0.300566643690547,0.677473070384057,-0.260762066801707,-0.674284613065877,-0.3398634396502
0.947268275873157,0.644887484764105,-0.0259198667323257,0.0984752621102562,-0.358813180029572
0.281054047654272,0.896710081631177,-0.702377297530666,0.236952166805003,-0.859425716023966
0.119196411009977,0.950424749376895,0.144041660437779,0.252036705115325,-0.880182445159396
0.0770598448468904,0.839302222787523,-0.74449242304766,-0.0739905900661152,-0.606897217804743
-0.183400758975614,0.650711781225717,-0.379074684775844,0.165009509327426,-0.409318777879836
-0.204387871550004,0.638740321007457,0.75454040939986,-0.0756397205205795,-0.245924302104346
0.57886693721878,0.932983572869492,0.355140372528036,0.299168642752417,-0.152147830701195
0.797713479639809,0.889873238297154,1.38034051728182,0.411454405309331,-0.0335101297415805
-0.991006849761293,0.954557743058105,0.0783914929333389,-0.24782808125358,0.162655034333442
-0.223665186784961,0.798415766674768,0.345160042068902,-0.202279414228522,0.056715044329679
-0.119809629103984,0.564037215575437,0.022648878913384,0.0598374898581874,0.368289570962149
0.230008928964314,0.609425138802464,0.0262604362803236,0.0877436222929149,0.953976194209076
-0.05617454376805,0.34116953290304,0.586806889267933,-0.278408123290993,0.00288027213836526
0.462199513920473,0.153988502222697,-0.744447725248942,-0.103979647810187,-0.232859853541332
0.146803488538611,0.699672437299258,0.156140044662681,0.239869320732995,-0.724054345612725
0.0270680795546417,0.79782560512706,-0.385179641334937,0.304409331921364,-0.848080662840416
0.0245940802647818,0.233962338567356,-0.102454740507655,0.118539684613501,-0.593827781356252
-0.773789469086118,0.200012193135458,-0.126393816606148,-0.106031840500327,-0.445629051377128
-0.14151423387583,-0.622294397916301,-0.0944083362480634,-0.116851295414839,-0.430407653598309
-0.114842350503603,-0.891122360847959,-0.267249102477705,-0.202305758165494,-0.405876723854012
0.847238460052707,0.845575218713689,-0.635726295417434,-0.0373730332920498,0.135673470178853
0.678231232788734,0.676881436455018,-0.51185078744359,-0.0342644487293218,0.0929651588522751
0.31896184351704,0.13837503162436,1.84265718775522,0.0922206958556466,0.140128364464974
0.1456347008002,-0.145131901088683,1.41821277448242,0.0609320019136795,0.159784348710471
0.765527626270682,-0.259847798718919,1.55457408216943,-0.0541725618992675,0.160715709081344
0.677811495397756,-0.438211290348829,0.630929656976928,-0.166302895228045,0.100315571554645
0.408060651602773,-0.260434335937777,0.947909770059148,0.0981375440996188,0.100957227393521
-0.222977178920134,-0.152922093923902,0.810797949821081,-0.216901694970687,0.0766853114164984
0.112874219306628,-0.261887238765436,2.07881392192919,-0.0324546202593267,0.153629654309261
0.630171414933593,-0.637743731721853,1.53836301106644,-0.159790674008499,0.227505684181746
1.07969588697549,-0.66740342686411,0.286972029104634,-0.125867586369305,0.127056338152461
1.46375519467828,-1.13965166382733,-0.909340428730887,-0.101944657204785,0.0379448120901655
1.54710045575802,-1.12368498510699,-1.58853154463947,-0.304374103293419,-0.0898286286538036
0.415017579730274,0.418657897304962,-1.02514224107964,-0.355017687728914,-0.178275391734299
0.688957996317437,-0.0362600827150304,-2.31201654674359,-0.314002812256784,-0.129624116655334
0.193007007700098,-0.336636756086825,-2.25392687529121,-0.241765102685117,-0.423883300647623
-0.0966963649387391,-0.0665529783100863,-0.825928918661696,-0.123836468828743,-0.431489113445136
-0.204130553681564,-0.329345814550664,-0.434811811217073,0.115835400957591,-0.408957765912461
-0.180113966600203,-1.05650049919102,0.924502875587774,0.0913039268490115,-0.321412486786766
0.267789833385613,-0.976052630835551,0.774086514671749,0.15574909986428,-0.316583908264187
0.395137691199557,-1.21107057394946,0.207481378544639,0.0401624420047404,-0.336751507048621
1.0646501800958,-1.53827347237149,0.0848703705053164,0.022137920328312,-0.554063548824666
0.391358240090572,-1.78806825724711,0.51147535021299,0.260611140982408,-0.438577509469586
1.02799310921646,-1.77492704489258,-0.239019006607611,0.272070753565346,-0.25996270474788
0.0920588447314026,-1.41946042199027,-0.696517812053639,1.02798631544141,-0.515247111486783
-0.216281827207399,-0.172375981052555,-0.142584966637226,0.464449987699058,-0.53986181734838
-0.148826057440982,-0.582273982730624,-0.66928102929138,0.0357103166564265,-0.293622533747878
-0.257777616213223,0.288810955274809,-1.11962494841726,0.0684584647066575,-0.538150158281084
-0.613468884776557,-0.0574006418821538,-0.972788304941768,-0.0653239504196302,-0.634328805509367
-2.17370050634276,0.377256826420925,1.31436003165879,0.0123774916800854,-0.55942196293721
-1.90821948235032,0.843624876751396,0.0698555709231156,0.0788564166296132,-1.01087140572654
-1.99946501542562,1.05989280760203,-0.227734026976154,0.272070753565346,-1.07448272356468
-1.17422261510717,0.770425666095504,-0.0429987739523719,0.581027177588755,-0.757548917574228
-1.59321229772129,0.511762586464189,1.08938366021522,0.224504140968212,-0.484256157494569
0.114110084832696,1.29289562387546,-0.452455679008456,0.260853505202553,-0.272740293126872
2.38564120982314,1.40990919498276,1.70641869121293,0.383426575147139,-0.118303092629238
-1.29588827427598,-1.30517571635503,-0.26833240812932,0.026893387254711,0.306456454465808
-1.42799448979415,-1.21884677038596,1.05715008258573,-0.0386872094440623,0.327474538620879
-1.72583111484628,-1.21837787284102,0.22171589922832,0.0961173504367495,0.321084701047177
-1.78622213418478,-1.27214947275242,-0.602760800883555,0.0281473586545912,0.30212238916053
-1.76122048386292,-1.26157564434686,-0.450456787187581,0.023668889369305,0.245470545776293
-1.85434541391021,-1.24082877790104,-0.916998131733705,-0.0703842344090996,0.2265382120993
-1.80902683425316,-1.60742284544072,0.188393141961067,-0.148083042115118,0.240838072587829
-0.83100274550385,-0.923192597505443,0.481015711340565,-0.0615458435549025,0.282248515754548
-0.453431731812918,-0.900082215608459,-0.581478084359739,0.0177309659757549,0.271046386631253
-0.387046570252617,-0.304006065245523,-0.485653551552037,-0.127097461923006,0.207075737451597
-0.259069033444564,-0.36837233345337,0.0363620419200247,-0.190897208482454,0.168077394984173
-0.780777643614047,-0.598446843029872,0.942235239615506,0.0359477983920808,0.193611856748389
-0.377053686938931,-0.891574405660981,-0.0838564230777237,0.137371955735327,-0.0468868185597249
-0.481245915905064,-0.775062351058269,0.934207029599576,-0.0199355951071992,0.0164571028097325
-0.825340981117223,-0.497984826711052,-0.582433282152003,-0.185494067009441,0.0099075612865394
-0.723824381572989,-0.490444561552766,0.889403704581497,0.0672338579403508,-0.0592971967740206
-0.470973229266323,-0.376188349631644,0.772451106321107,0.0398282603080965,-0.0934645176729185
-0.423726809560153,-0.107703051891365,0.602535064760158,-0.0200567772172717,-0.164092059886464
-0.402796807971333,-0.0512733994042689,0.915926363280017,0.355676258243451,-0.191344542816799
-0.0589801851415943,0.345317969510018,1.66485146658476,0.256491335542848,-0.0375910592657782
-0.114379132421208,0.915940760388282,1.76731689832915,0.305090630469295,-0.201090820142267
0.218871985620704,1.94383500432652,1.35129641987194,0.160741662223429,-0.18197388380583
0.900696630904269,1.5398371079885,0.633601735813303,-0.108793694514672,-0.178157235273616
0.802891840379726,1.06428786251164,-0.753318167187962,0.0842283316811633,-0.225230251773403
1.4220413509359,0.271244389519115,-0.927323365011983,-0.135430049187336,-0.28120425170066
0.732727146701949,0.829705291900802,-0.774318872935015,-0.0449517976560685,-0.365931070151048
0.881363144639764,0.83521110046474,-0.648105404650583,-0.0270142109716486,-0.605828155573832
0.416083914605396,0.118708167300213,-0.421373288693612,-0.0470408718579696,-0.597109026379113
1.74354784673145,0.863917748133204,0.431504625774902,0.122722092385047,-0.815009384157502
2.7221741525967,1.18593981947816,0.122448105807553,0.248211436152463,-0.489065268433406
2.27941495879626,1.7312364044089,-1.28564079969464,0.126881800032968,-0.356726232883798
2.34635713473498,2.26897958598927,-0.476902120350536,-0.0327440172631178,-0.297523544149138
1.39126460534966,2.1138688821774,-0.330015442704971,-0.0559345849798086,-0.241110610299896
0.749501574761913,2.43456762045107,-0.254777696601007,0.0214112139707813,-0.238050135385368
1.17640902720546,1.6202866374947,1.37310676946196,0.133096334764727,-0.0985255418380886
1.60762532124127,1.50250652083567,-0.600595685887758,-0.0279757646711366,-0.0479745542299836
-0.260782919957622,-0.679786656561035,0.0758414255774028,-0.203452368291213,-0.394820246051495
-0.293470088767588,-0.97202520152803,1.00790523702457,-0.182082166619306,-0.367053756433066
-0.469259970594154,-1.06289981094324,0.712517142608422,-0.134423350242769,-0.360031322649211
-0.531078602554956,-0.78609350720495,-0.197845484710699,-0.129639291288605,-0.385656431597455
-0.317792968950291,-0.680108617773858,0.325320894672995,-1.48408383238729,-0.350189970118934
-0.25775749587516,-0.427802475032743,0.519435280304622,-0.0147191350344635,-0.314318370187375
-0.0241381641778324,-0.70813812000222,-0.432787753120222,-0.0415504348407223,-0.324016142871418
-1.48079064238305e-05,-0.752486313890463,-1.34988679915526,-0.0456284762840299,-0.378147678979583
-0.221042827959301,-0.010641695873949,-0.0454186598700045,-0.02264602566942,-0.379574316019615
-0.367934470078236,0.0897885698140103,-0.244668370775278,-0.0477755071472701,-0.373200256450993
-0.354284944526666,-0.0584300574023028,0.784238851124672,0.00148238620348366,-0.344477314343934
0.0410667036806594,0.157935337691648,0.570147185951989,-0.00760890644564732,-0.32598427086646
0.0418308567684541,0.113828463699319,0.954696171434571,0.00848460465071349,-0.329436396584521
-0.0544905062840544,0.0543455255754582,1.01809401347538,0.0445099384602951,-0.313637829200494
0.00785832624492519,0.174467985564629,0.235859798586135,0.0254395624860676,-0.335488075881592
-0.141969954651244,0.0764165858706546,0.697470503099812,0.128049196993066,-0.329712460776641
1.0444058646003,0.642644711903476,-0.0424666438358184,0.0156475211134742,-0.167163584279893
1.46839701139765,0.424979451267549,-0.821152981210943,0.0240117211021705,-0.194281496095927
2.07236472081064,0.845258889894736,-1.42263648243842,-0.0330018272932201,-0.228761475979374
1.938061555039,0.632423802519664,-0.0888528680525054,0.0260402042490354,-0.244974190548372
2.32267042433912,0.903700890570197,-0.45357922506516,-0.0403913016139423,-0.266825200681329
2.17493686098182,1.28359141255013,-0.57696803702104,0.0242330101727375,-0.277500089950978
1.74969170275661,1.11818217831158,-0.942481295072083,0.0740204166566339,-0.299764585610629
1.41312815889274,1.45851934245785,-1.12639780713107,-0.0481653974144597,-0.288911964748265
1.66190928263618,1.43760092444647,-0.942217478538982,-0.0341319821893305,-0.301890493656477
1.42240849152687,0.90441956477837,0.202687143829094,0.0749082073325995,-0.291884795389409
1.02861649978083,0.829475692822411,-0.697886980399782,-0.169163099928104,-0.191871533061837
1.02874530328021,0.758937041569669,0.507381593878439,-0.183185977578444,-0.221589660115159
1.09667335254433,0.86382043705783,0.53749306713932,-0.141483525351338,0.0135059493260318
0.373142863239925,0.840173654491076,0.100753893711821,-0.225394233395418,-0.0856703407288033
0.039661611418622,0.704241237801573,0.969247017803386,-0.0352410619358632,0.0371969496940596
0.25474036795325,0.883207425116463,0.913035902009131,0.192929044968377,0.283822799508716
0.323471292363469,0.979033018754189,0.925185108214541,0.15548377295599,0.366970595928067
0.461643099591775,1.13506309398429,0.759039823652575,-0.0263815959320882,0.475170963298398
0.186049113400669,1.00448547215665,-0.123831301493016,0.0499446926576748,0.613258944034691
0.275434958869629,0.951388601466118,-0.370863644816047,-0.0796147893719577,0.691160044796826
0.366189823519952,0.289709833716451,-0.373820209411148,-0.151317717023087,0.573057605025054
-0.683835745413303,-0.152055079373399,-1.08313644426336,-0.293145570500706,0.605834629192395
-0.878180783930799,0.0967526542731271,-0.645587626992892,-0.088732425958061,0.376874297026808
-1.10546306446742,0.192366008723547,-0.688244031258835,-0.17093341249264,0.399559709144577
-0.926422149913265,0.292469609121864,-0.741330285704114,-0.0748597087484626,0.534833097361648
-0.778839262347689,0.0571427976830964,-0.831951264824437,0.114226533263715,0.214204184374891
-0.769777652637023,0.0311375737255635,-0.173269610084031,0.133555079820271,0.171115979403404
-1.06173711172716,-0.129332500663342,-0.179078122373176,0.0998743564012214,0.422018528750673
-1.06832148180836,-0.615431714380844,0.379521546542581,-0.20002502209112,0.179793118745893
-0.780219647020224,-0.460908000828938,0.464984457584681,0.511943584127799,0.160013607989651
-0.395829419635084,-0.664080023435661,0.288482099818028,0.546941504395462,0.172933554691902
-0.466844540442689,-0.590932006424773,0.485211907976092,0.26952140732156,-0.371587846125334
-0.25317176726349,-0.846042171586009,-0.0534241270813566,0.596581384832314,-0.421909706561593
-0.98405158982179,-1.05698490626038,0.567936585347036,0.206093110273421,0.61650565030596
-1.05500287593914,-1.36224657086689,0.0854206948655321,0.168460796308531,0.805454895665108
-0.539766925142908,-0.983485178337365,-0.346192250410153,0.139888162268405,0.964183662647883
0.367966096683959,-1.03545669492004,-0.486319766535224,0.112277081927767,0.534970518696221
0.511011455689517,-0.467697123833105,-0.372960531398111,0.0570180397347297,0.514957391671205
0.624569967297853,-0.367642693496184,0.696406139845576,0.0945318059832447,0.564422964502702
-0.177386947563034,-0.528972292573187,-0.0781410070964064,0.0548420305408201,0.338435462978258
-0.475520711757115,-0.521012209323134,-0.330977314147668,0.0618284426258666,0.427163532620304
-0.546955752557366,-2.1643436270727,-0.98429824202656,0.179265497152741,0.218577092097716
-0.82398194455217,-0.032113347228017,-0.868805731820058,-0.0445367850014969,0.178669173085788
-0.426409448586773,-0.0530633573058627,1.30763972921807,-0.0143018485384206,0.215615764131244
-0.437440212676545,-0.111260247641486,-0.278893769561716,-0.431919109391359,0.204347927251306
-0.312746111992154,-0.0838489804080474,0.769726915346188,-0.166056097467192,0.243623402743454
-0.541876277198096,-0.545299450746901,0.296444603523232,-0.108573626993695,0.230150920482637
-0.853366154192344,-0.610591885989572,2.10178662514511,-1.02627309632175e-05,0.298233572270257
-0.397925162263922,-0.430958520138916,-2.21794983641776,-0.0941713966509541,0.188206061014799
-0.309007084119764,-0.935326465451189,2.37794795257127,-0.111792856091707,0.263155504200673
-0.317364730050833,-0.216104681594511,-2.23314657843658,-0.0688127229214454,0.141703241259911
0.234148442814327,0.87008976115294,-0.667541008429201,-0.118871471956156,0.0492637267517853
0.160465064357429,0.588771319010362,1.68785393614814,-0.158511193918333,0.101652454956817
0.185457155677444,0.660351209738907,-1.63375541523025,-0.0875037462032722,-0.00685325243957688
0.0246290178607579,1.05448821335886,-1.74969368440647,-1.09068086610738,-0.0681601570079389
0.0217064332464843,-0.021410779641438,2.02139081096293,0.201426016933816,0.0298955587673536
-0.00715950189543528,-0.175527752888176,0.670413636316266,0.331501840128105,-0.0402055172237627
0.299064677422335,0.658405398187676,-0.77510992552083,0.775794971559165,-0.120177949403204
0.0913859897589969,0.0523739715428773,0.7564132775464,0.205069383417081,-0.162153448738973
0.502594377547068,-0.838129969426029,-0.112625673855031,0.113990490122846,-0.209650791781847
0.0373022671627627,-0.481367044905115,-0.642851419779644,0.372972465709855,-0.134054145006923
-0.101594323027115,-0.677221849591516,-0.0828917311501396,0.31983937923048,-0.33946773866771
-0.315991069082983,-0.291563661288247,0.193610738344682,0.302602541269522,-0.352490038815823
-0.245808877571329,-0.0802866728856994,-0.379057629482844,0.235325395029735,-0.379342829249712
0.0839854753410107,-0.215229557190989,0.932833761216572,0.27645881821824,-0.346007721773632
0.445706408349089,0.796845246386426,0.352487422563613,0.09449070797597,-0.354261399818472
0.396548836342775,0.788739434913871,0.0914227688161378,-0.0450583949535479,-0.410738921694964
0.422472444291281,0.638752172972285,-0.306994778897929,0.272019864838412,-0.658689609878809
0.350958149167235,0.823547489187254,0.832169559594735,0.190925323656668,-0.601736101216788
0.0597620573825414,0.493663040457489,0.646761119555453,-0.0433802861684142,-0.361313557328028
0.343987611613385,0.540420355934929,1.87999424634242,-0.0657673638074507,-0.518435614425689
0.602358601431897,0.861167569606969,-0.804962130809525,-0.049117995640975,-0.59683423131577
-0.0654430691604037,0.388301686602263,0.331709596301422,-0.129690926870668,-0.281048300643327
0.213461790729985,-0.0798087447213737,0.614921193146666,0.0523404088203352,-0.26184662115057
0.69562019280211,0.79767612377524,-0.0740265859257502,0.151715007867139,-0.324505761830491
0.379814588493937,0.549806159546269,0.429781118201401,0.153279837723292,-0.296833278584268
0.292694412780661,0.712584433067273,0.131245419631699,-0.114688054764959,-0.762879920912711
0.272066734877164,1.70172795699836,1.64442427652655,0.00221316554949652,-0.745711415513361
-0.0728257779122501,1.98018363239071,-0.342437165551824,0.0690898839473056,-0.455167544543237
-1.03804444957759,0.95469835902797,1.24291370738992,-0.24044874108319,-0.0769861694628817
-0.872623492476087,0.841639987791704,1.27244751341452,-0.251953138358981,0.00745631915659543
-0.424972519988098,1.11228206322501,0.390331449380914,-0.10645030567373,0.0554364386168624
-0.547506448273557,0.483226483507115,0.470377024372604,-0.155028525450599,0.000421420748726784
-1.13560459446181,0.490728240171372,1.72154057828863,-0.154554334585098,0.146843155450484
-1.2870601116532,-1.4252015913423,0.572165215888183,-0.0542603263503527,-0.146821147358746
-1.0549918495172,-1.36679674003755,-0.205988939859823,-1.12290739841795,-0.13585131118767
-1.21999966331882,-1.73549835480337,0.348353276038989,0.173064140177077,-0.106356722838587
-1.67356781996295,-1.75608756294422,-0.0961548394322543,0.139404491907606,-0.10018054999175
-1.83713935323382,-1.45258747317242,-2.46666010337102,0.140031477607546,-0.195034964522652
-2.02914162621554,-1.58230718615857,0.981258236071024,0.0895723007308566,-0.160016801975584
-2.02898852016911,-1.79244260158166,0.0234723126464737,0.0232382674346763,-0.153162022219908
-2.0618155906416,-1.8427528164278,0.414675842748492,0.101413900399893,-0.151814529689232
-1.86661348229808,-1.8612927686315,0.514475817796377,0.10544452275665,-0.139264704448097
-1.99378709084967,-1.9227946089384,0.183590753995348,0.00366472226427842,-0.136554755730313
-2.11776410437906,-2.14205140298049,0.354639387224267,0.0571165703810178,-0.112400869410652
-2.28228181681514,-2.34997159840784,-0.367162647341102,0.0507439720274253,-0.106864418324649
-2.56901460811936,-2.69137733550998,-0.0469985416180028,0.0548641637698886,-0.0860245238334077
-2.38758232293531,-1.49699486443187,0.510623186700914,-0.106658416988201,-0.0723914621983023
-2.21717610334861,-1.78512900799018,0.192151145638396,-0.0812338834162618,-0.0454386595709184
-1.79827228973409,-2.09731963428898,0.608508217603356,-0.297011802368745,-0.00190481757012684
-1.17037629249402,-2.21744499374123,-0.159193345160737,-0.313360849653737,0.0116162405876223
-0.802241795806269,-1.76794817910516,-0.624947788668472,-0.214104798323309,0.0353075463363936
-0.565979319091602,-2.21995635160673,-1.09515982187344,0.0379750657769651,0.0152657796873164
-0.532729303291919,-2.00810073910331,-1.78387107577825,0.0862345239164698,-0.0219388784451098
-0.112754695151746,-2.1402180966373,-0.501135960547446,0.0663132387780379,-0.0418160194250474
-0.174911399844584,-2.20963154479589,-0.746730958621166,0.215475244308738,-0.0717136696381127
-0.865993533368051,-2.26738673515431,-0.553257920078631,0.204713746055565,-0.0886630134572139
0.454305683853212,-0.638502354987631,-0.469396102478801,0.353198712406077,-0.138823174789793
0.0397554285175181,-0.939967686137682,-0.774818322274632,0.404532507990246,-0.164323383013947
0.197836449349983,-1.11048359972558,-0.518497817562066,0.0988400977577018,-0.206947358358529
-0.0414242325944477,-0.634894335617665,0.738205883549092,-0.0374845072864101,-0.163335069134412
0.441619997317711,0.131127349580437,-0.269386781900633,-0.214623773881663,-0.141680622406686
0.653799622006055,0.232768631898758,0.566570485962068,0.0392896282318815,-0.208479351755068
0.488349501848092,0.767057224030473,0.845451852815717,0.0882761790318208,-0.185043364666575
0.629800856792531,1.0941507885322,0.0661742025215725,0.0712474581729444,-0.206251548334473
0.825738522226813,0.909687702461792,0.411514592912191,0.206339166966754,-0.176855954243073
1.49902033617078,1.35564581301715,0.798342407413459,0.103811198664369,-0.0202858677496027
1.57581962519366,1.72789519268581,1.05872932558452,0.135776931786524,-0.13710388120391
2.23825116196395,0.865120387691839,1.09615488479759,0.306469837004662,-0.0112424496536859
2.49806483198394,0.844146245624402,-0.217924363702202,0.318156007445561,-5.6968870590104e-05
1.6678841541046,0.386660806148588,-0.360976604495966,0.234956585699733,0.0737294063052837
1.50185887366641,2.01582697788334,-0.913608561490534,0.148250785942895,0.0146278647625483
3.44622627495012,2.98639053097968,0.215921924983013,0.0396031210818515,0.00564621501168267
2.3992288033795,2.26511435671998,-0.831916407447418,-0.119819847899548,-0.236142622682195
2.27654225509856,2.05376161984448,-0.963169681226269,-0.0821032333363467,-0.227621889177167
2.39788244227284,1.23031818254213,0.378955993878749,-0.23309614248662,0.0424887170307178
1.62352390488628,1.23192693151033,0.101894051391316,-0.150858274440279,-0.161988594539547
-0.901603974554372,0.103707036626244,0.485883563881286,-0.121413656086371,-0.104163834616332
0.133611298171635,0.45128077737592,-0.0235461615374735,-0.259476960970652,0.233656894499862
-0.892348430518234,0.900743311901617,-0.0567733990255004,-0.223248778846384,0.258618869163604
-0.884047895572736,0.674789362199921,1.39853411734092,-0.304156278075625,0.346107500161381
1.98729253000469,1.8336108246861,0.800944184257149,-0.138574096630108,0.599227469983965
0.763640654000387,3.18563347908583,0.285501261308044,-0.123876814193278,0.717693312840497
0.561693940782109,3.80910713933395,-0.446171150444049,-0.116937821194782,0.708989961650859
0.611228040250744,2.75422508568426,-0.358606804258969,-0.0980149712675989,0.683541566359518
-2.60800606997566,-0.304476081386962,0.872962264303769,0.166062955505559,0.698436212544375
-2.56502215500538,-0.542148392342241,0.406357239904827,0.15748273523369,0.685163856464129
-2.22630864581234,-0.291065309574228,-0.342281304062233,0.247668569064565,0.640284084464132
-2.29240266285896,-0.369057846147669,0.535108805180131,0.110682731202449,0.655610126044389
-2.12541095113302,-0.340378078918174,0.575377214965415,-1.1250375891433,0.634589751533741
-2.11234428166824,-0.434758169399642,0.012251727938694,0.00972486154361214,0.616323911329428
-1.7187386094496,-0.494104289109424,2.27564293087738,0.161400078661467,0.616642525238476
-1.56915157183716,-0.524575229859225,2.95721749270571,-0.00412678051640834,0.666608922489306
-1.64043094233971,-0.497823454564117,0.727899559585335,0.0137423119318836,0.666964691055479
-1.71743356267292,-0.637048120972548,-1.38028109923235,0.0973869462125436,0.613763293795214
-1.67949890689507,-1.13712606903629,-0.104032231867111,0.056548575118128,0.606062609380054
-1.50792697513479,-0.772831487138104,-1.50780000449954,0.00620794595781386,0.553724930655976
-0.990452030678688,-0.513248145107717,-0.933139366991008,0.160235676647292,0.528582934043943
-0.903514772136221,-0.00414703773680106,-0.768968157866387,0.0673943739696122,0.508319903777166
-0.489566004840057,0.178888123172267,-1.43226205337515,0.00481962047937514,0.472361982888778
0.150975579732876,0.0984564132829179,-1.76782758635827,-0.0490853433532873,0.440867048876215
-0.0801925727662724,-0.409770385158467,-1.73037018721879,0.0820521405009842,0.396812364748354
-0.505790142226281,-0.650561582102692,-0.974640436784404,0.0560137931975908,0.375574559148337
-0.834023096994795,-0.431021486355509,-0.457191598471545,0.32301486319896,0.344146198137855
-0.676170277079145,-0.199070510719768,0.370669230961493,0.394567630409347,0.361123586088568
-0.408338548718889,0.593926027214148,0.941167935232306,0.00670057757919534,-0.299289450607901
0.124781970486626,0.759402462550119,-0.229763552694495,-0.0650550379458785,-0.468073489331771
0.311201867402083,0.685922064380965,0.772211640024536,-0.0844125628331037,-0.696356741492237
0.460511126901718,1.02674156629165,0.113179746093633,-0.0283052458695594,-0.665607954429616
0.017627747085836,0.840086365321933,0.340084707365395,-0.041682697064079,-0.457311566550226
0.464720976118989,1.31308347923374,-0.797978879385707,-0.125809425391332,-0.743001105221736
0.384440347230955,1.50963128579896,-0.803168787390339,-0.121146548547239,-0.663670313612133
0.76909612044688,1.6573000343726,-0.623409660008159,0.14476124806978,-0.527106080992304
1.07484889515864,1.29778246891214,-1.30810908318546,0.115187544424708,-0.610596158328324
1.05355905385648,1.16705489047834,-0.775026841005887,-0.0365508981418804,-0.695274675724449
0.527549459918278,0.392931924218744,1.68587197400742,-0.201877543398766,-0.595052278484373
1.11203827282691,0.0637846639770266,-0.533748427241015,-0.115677547231796,-1.07526197072826
1.39124456530923,-0.38226021905154,-0.411360298686554,-0.141760679228042,-1.13509216599401
1.32399455710785,-0.227981419521658,0.197964921559317,-0.25600906508939,-0.811718389091132
2.33518951636194,-0.479297244607308,0.478397347685166,0.125453776662802,-0.568686723026732
2.31877233574364,-0.590332636290583,-0.396336401982522,0.188078583633286,-0.508731321656145
3.87661744718937,-0.225774762002834,-0.202676872442449,0.0997763412959287,-0.461308796895427
3.7087208706282,-0.444417458825439,0.130714448423043,0.197644067147918,-0.268710862412988
5.34228866826242,-1.34315678102328,0.137382638725227,-0.00448769245292847,-0.164448736007573
4.8789411666847,-1.60748029214809,-0.389549949096535,-0.00272264867578626,-0.226021688279669
-1.11040727717719,0.309843987495959,0.0978889505146782,0.342174125233103,-0.488158721394479
-0.485408791613603,0.523790686732002,-0.297658455261682,-0.0640809956036944,-0.454135845587255
-0.501604414011286,0.546631811198187,0.110661309565517,0.107141422747586,-0.208771325126498
-0.450452899027873,0.555900277163015,-0.172331956355781,0.0574304136809091,-0.435827761046759
-0.129844382345879,0.399132802025685,0.29582412731536,-0.000144260571990878,-0.415903296230937
0.174758557856376,0.682442812871223,-0.232445737415571,0.133348371247602,-0.107641947078238
0.350766109496035,0.571094520797249,0.0128308613940617,0.172750997777029,-0.100537569461545
0.799206266695282,0.575545196624792,-0.471131471458584,0.400562827138446,-0.14510702372936
0.50343292788784,0.70731205135627,-1.25784147028872,0.185074691492657,-0.187477329469678
-0.302034303575134,0.942325011018015,-0.878787146392114,0.216871823418189,-0.667141357221727
-0.437207686850753,0.593639205366262,-0.912728507943881,-0.0969476913703007,-0.742266038057577
-0.0192316634741654,0.425772525153854,0.083611017800795,-0.152567645499858,-0.391529383085587
0.20608049058147,0.431214454921814,0.120276967340971,-0.230342850623096,-0.150659252820443
-0.618030302137759,0.890141169170228,-0.405336537815284,-0.194167356372772,-0.107032050836686
-0.279297488621513,1.22391165349548,-0.115347585205883,-0.192586720154436,-0.0342614483588659
-0.479452399348219,1.2896521463922,-0.685164005339365,-0.143060118646565,-0.0520946149464353
-1.13811906653776,0.556135858538251,-0.201642882895527,-0.152493882476336,0.00447872522800737
-1.69316493865084,1.24510567151314,-0.653574249780933,-0.129574657310459,-0.148047687598855
-1.44864324132066,1.2660159347846,-0.564336033178935,-0.154135109749708,-0.118426926105918
-0.530701804371457,-0.546997929108785,0.488741471910959,-0.0304794543798878,-0.939707166769322
-0.798810662776592,-0.731774368610994,0.807036119097771,-0.0952249482766401,-0.972545267085362
-0.89680161081155,-1.00878499388819,0.681200181369329,-0.193432510915572,-0.962249355318391
-0.884806845688728,-1.24361764318966,1.02669067427016,-0.218814894188356,-0.981224696783427
-1.08815743604169,-1.34485058445757,-0.137640851768191,-0.197399907823596,-0.985392125996337
-0.813489563212781,-1.16758269723621,1.06846465771849,-0.1612929078094,-0.917808313653217
-0.810492168067918,-1.24226093609022,0.0136670270872802,-0.170882100867307,-0.894528121640698
-0.987661543473627,-1.30665604791517,-0.814730532533791,-0.237487476714302,-0.945959837492404
-1.21330745250877,-1.52584488579132,-0.568098462571328,0.0284782765640564,-0.900525290475056
-1.08166136521478,-1.57909714958129,-0.510531875624241,-0.0682171440926671,-0.773767342496792
-0.565274121756221,-1.01698126256829,-0.284281907124317,-9.9626263464006e-05,-0.559110128214331
-0.401609266704674,-1.22468762259351,0.540294861327701,-0.0586411230032463,-0.495169355450748
-0.319147970269693,-1.16518610978429,-0.585778718850036,-0.0417915409157813,-0.717428158097104
-0.738179777298695,-1.31862992435266,0.593590349575094,-0.170560704836246,-0.160237528168027
-0.421852964364754,-1.53109351802063,0.841596084934051,0.0891931481040511,0.332472975707662
-0.270551706091783,-1.29679636330672,-0.332510298511798,0.0735975374164662,-0.405587441249887
-0.32405206224774,-1.36783698410515,-0.0777317559496004,-0.000165486105894688,-0.408567346544922
-0.446103746991203,-1.25746046520403,-0.197740987145234,0.0391449366441292,0.238923249506556
-0.240628303941023,-0.997696661799664,-0.975308378535135,-0.0783332158900194,-0.577761257123355
-0.371188472424256,-0.723705857522851,-0.393774865483219,0.0716559892616098,-0.120127243516743
0.127876644572284,0.302345717222673,0.551848206053175,-0.0849718880070319,0.100909018219817
0.524511953314879,0.660454173829072,0.608195778674896,0.161828651123999,0.196702885711295
0.260422736192089,0.703728509281863,0.499607983938186,-0.0863127943989205,0.529301451423334
0.308048194623776,0.690675639943046,0.313330768764036,0.0962032697323726,1.00167303791749
0.674209000456969,0.177210327190396,0.250537885324993,0.123785371742341,1.10262122339127
0.415893258428755,0.135631271557094,0.494154259400453,-0.0190277449780413,1.31567824257781
0.140533816119244,0.253868053651199,0.471902699401626,-0.0264356600546441,1.46168942849769
0.458077295567082,0.482870818984079,0.444242900474221,-0.0736176511719828,1.41412281492284
0.419605310473917,0.177098124009755,-0.0711408911829815,-0.118167882985792,1.85436173061842
0.0691990358094196,0.0711396619765254,0.437410961979079,-0.131914149297923,2.27937588934702
-0.0483554788038305,0.0181742940177612,0.257574509061335,-0.0643999076253849,2.21880718164991
0.221521001058561,0.464972372986795,0.65211668287536,-0.0938524291603847,2.09922619011171
-0.192125920502373,0.581892617626214,0.163669468959991,0.0805707775330266,1.62849297130641
-0.107969027258749,0.693959130867254,-0.244809495499252,0.0247374375139938,1.35290161037046
0.343233584262163,0.451591199859668,0.894027346607492,0.0355437204600197,1.05622981671097
0.476511425573695,1.92081740060391,-0.0351071916100658,-0.0424211610094186,0.875114605358307
0.0488428173564903,0.479676577157797,0.175259202172789,-0.00267342890565496,1.07243331896087
0.164953744473173,0.973810625907879,-0.262698985580075,-0.0840261406697274,0.770360357884749
0.30121610057963,0.649248655107733,-0.444618679397137,-0.112129852631747,0.894659481909963
0.521928106512345,1.10827126305696,0.592121164399374,0.0476039748059257,0.678514554438771
0.877319967696002,1.0820326323215,0.3342177604882,0.0869275695244357,0.744394851201088
0.85436135149629,1.49531968350153,-0.462471780990635,0.179597636611796,0.909006269239409
1.10937769872828,1.51039085096858,-0.371227649024883,0.103181778636327,0.935388620637942
1.428517126441,1.61500408294372,-0.202048474332251,0.0633918962334081,0.838767171331591
1.03972416862349,1.08310407453772,-0.255639619039155,0.101785549976797,0.750890808583156
0.257245016148103,1.29532906655641,-0.163713202936072,0.0755838702641755,1.11894331516323
0.300747304447003,0.794029719670297,0.795332671862084,0.00670764705017102,0.151743460234036
0.303701441058114,1.10494971667983,0.297224314562106,0.0654704328605204,1.18400519153298
1.54822585097214,0.872366183449154,0.827524576548296,0.129189368628742,-0.3347652243106
1.81632830970655,0.624817878405601,-0.151262052623307,0.33768582340209,-0.339447678147416
1.37235560872332,0.507932819958765,-0.0282735140279943,0.279592173590836,-0.358366269690952
1.04653200846951,-0.0992499351506503,0.215825007504513,0.220729280819992,-0.320786318983485
0.708700762742936,-0.178489844903227,-0.326786469793118,0.224024907335223,-0.343295221031514
0.680108330085706,-0.0311776396801912,-0.828547321508276,0.40358254734453,-0.358547207781473
0.54026256341648,-0.473532714317748,0.025244853704261,0.390057570102966,-0.402321552386805
-0.0175090013654257,-0.654743871327679,0.512286562296728,0.22188051086568,-0.395788643934774
-0.704447712633563,-0.516370771185246,0.941516061652669,0.111678553723273,-0.347662674631414
-0.520696964460792,-0.389522281716635,-0.162801751666035,0.152674988439523,-0.326385271328324
-0.31626531580648,-0.724636636976647,0.184417194382702,0.132479726356579,-0.288105387956764
-0.475878207188102,-0.751740274197589,0.0796410936932157,0.051595936670613,-0.272870197147697
-0.362988096632177,-0.818704280108523,1.71554467265028,-0.201656232624927,0.36175806736847
-0.0751932030133078,-0.76531021445231,1.85620891896338,-0.241606813043377,0.317704961041116
0.230955865232374,-0.367547069818145,2.07311614334279,-0.366635137913779,0.407206254725694
0.575094513012246,0.177312587168382,1.97239735898996,-0.600803759266605,0.334933524653354
1.18306104452561,-0.53137941897963,-2.117641324899,-0.908753844897673,-0.138237854008015
0.52862626086267,-0.893180160601753,-1.62436353929133,-0.690222984531587,-0.153891111054928
0.295577714987097,-0.258688389636573,-1.28500905506556,-0.318760301254069,-0.159116837234424
0.630238612442288,-0.101645767534064,-2.2710051532883,-0.183099563421659,-0.203727212521867
-0.211035368081241,-0.960108225251593,-2.82388728113322,-0.356181863723181,0.183135679024967
0.0494192411129902,0.560162267944579,-1.73249192937557,-0.450667028067931,0.197052897441895
0.0305075660568122,0.529226809047196,-0.531185151654784,-0.45007955827345,-0.315522878282168
-0.379280119133166,0.304077701972078,-0.333682088141079,-0.603751645813802,-0.300649156479819
-0.10674025833259,1.14553169784413,-0.737385063639004,-0.368147279895987,0.175929049755993
0.00349658114472423,0.265367307153796,-0.167000073391079,-0.433551372217046,0.408604236872629
-0.641110414507502,0.117643992799191,-0.546322762381704,-0.420084351636821,0.590644548290921
-0.928507475431136,0.476824752399911,-0.800387180880162,-0.323199254633897,1.56195279215595
-1.22575273850501,0.187226244073953,-0.866596033566776,-0.212733858121767,2.03686209262856
-0.950203169269063,0.144044570628755,-0.248765004408844,-0.297408540338043,1.06116349160786
-0.89030792189042,0.174756317827885,-0.0511163869458412,-0.198682002140758,-0.00183153886032717
-0.916191754670251,0.201326106510624,-0.597689660800909,-0.214448848418662,-0.0583202224029937
-0.994862339816112,0.346908555485987,-0.151111950113094,-0.226790982890171,-0.204901401480609
-2.2153548847037,0.0444325047293209,0.355811518241202,-0.119847770751234,-0.144108646111356
0.197466793378193,0.0149866449892015,0.79547996489831,-0.140920285935354,-0.296589679359735
0.492359164855013,0.414771999006477,-1.00876585354293,-0.0751342065281974,-0.596225345825224
0.485926361658926,-0.329130090092583,-0.522911319349415,0.0939780624716038,-1.68272167923326
-0.923421762418123,-0.533922640736268,0.62795191781802,0.14116268798264,0.467517780939989
-1.04518886433561,-0.783091322803082,0.345190628503414,0.246016825919676,0.830534864440558
-0.908612600329737,-1.06728718002499,1.36012921983174,0.632882809144881,0.460059568835165
-0.787112826429817,-1.23120001948968,-0.469661316711177,0.343600037252365,0.568188884285842
-0.594003167387448,-1.7207070084082,2.27793329280868,0.328836894973104,0.66709763536098
-0.147902211350414,-0.653528211025978,-2.16974054162561,0.206274362603307,0.641624809610159
0.391370975591323,-1.3627954736693,0.707965652883301,0.24807428739721,0.565157980406643
-0.257384725639425,0.661643956624831,-0.335236277609889,0.0491100224155323,-0.727123608844735
-0.340016787971689,0.732154217301582,-0.811602513733581,-0.0721300443182568,-0.832317604588928
0.297281378671728,0.765716408532851,-0.370064608540186,-0.424179880440908,-0.701602431142861
0.441487670349945,0.748466415372275,-1.49617002864433,-0.288703550167303,-0.653387392455981
0.146807970462374,0.635321211257316,-0.658347850806258,-0.246347768303284,-0.608270441411868
-0.00205293134670506,0.411328627518166,0.668717539107403,-1.41735157308295,-0.408311863972152
-0.378493714582754,0.929463434952664,-0.265029239878514,-0.132059866536478,-0.271039046233831
-0.094328163340581,1.68386491780353,-2.9876658956548,-0.206963582529738,-0.268212900143147
-0.0102662201482873,1.15758760256687,-0.504278995475054,-0.162365931629379,-0.130997544881394
0.111480184099962,0.611451532466301,1.35877516704321,-0.250138660833594,-0.0604756644050979
0.21438352748321,0.830281108745224,-0.875373337769466,-0.0819616015963086,0.0189016061536651
0.214776094626584,0.405298197353221,-0.165702315165845,-0.166520370489906,0.106882246246646
0.208516495683335,0.302314252209755,0.047629740333943,-0.0383070636395571,0.232688627828176
0.319375067221872,0.400322597897268,0.366006261617235,-0.0908342395685697,0.130860029670891
0.345711089393845,0.605109712047679,0.541912757903951,-0.0566872284651111,0.00821079127824246
0.433949830339419,0.599426311370102,0.263609058286576,-0.0215154382134311,-0.18191657736156
0.420306056390651,0.383929909523369,-0.259229824711199,-0.0245950444454897,-0.258448656250603
0.524605945640222,0.634402745921299,-0.309186669246585,-0.115112811882215,-0.269696185311098
0.193589652561276,0.0403519309251062,-0.30052166070248,-0.101026708783142,-0.339730067359287
-0.343965708842114,0.680817411308731,-0.0274715489425543,-0.210830872477268,-0.35459981921197
0.236454614664595,-0.0765999661862679,-0.0660660883109196,-0.215699232029743,-0.273349404248751
-0.0239036754348218,-0.276926135577396,0.0699449801855871,-0.153150822476479,-0.195483676756071
0.00963570269175611,-0.548029255843138,0.296290468464738,-0.0561261026076017,-0.198863427237923
-0.426675134282493,-0.41345626449971,-0.205538611664153,-0.118835210176397,0.101629850148885
-0.200327772730946,-0.563375721289064,1.5321572120218,0.0292572315132283,0.165743315722915
-0.389527475986663,-0.0474658289299708,0.453252208538226,-0.0692005985269402,0.283624507146025
0.0613823222456724,-0.407502247268016,1.3686046071817,0.0806726933020111,0.416294168247257
-0.0241084648979772,-0.341297387237411,0.585478874353003,-0.0219659195356569,1.14036107249879
0.467950308792057,-0.0721341889885182,0.826134135272446,0.0771952936216712,1.12611302494308
0.449695045531744,0.042798896548042,0.470673196844748,0.0977541020348321,0.858017234356237
0.91567872539665,0.0305674209375492,-0.0957181569193313,0.0840289108722785,0.329199122131057
0.587340702616382,0.609922216705392,-2.01345057020331,0.176243227850019,-0.0100461572567556
0.859400831138158,0.047041958737972,-1.99486515030241,0.264287299605048,0.82415305474205
0.440536225632872,0.8197900358484,-0.0763594816627888,0.216955148046967,1.38135839384361
0.179894632641625,0.0647080097491336,-0.888404964792491,0.0982203897192413,1.70817788346893
0.013023072708308,-0.0484712932597536,-0.637156105500753,0.170018155543471,1.88543155532009
-0.231062717936252,-0.874211905693949,-0.038811111304998,0.254231818862732,-0.885368347349069
-0.407286805270141,-0.183553457502467,-0.132006575903517,0.150299718719725,-1.18197346621289
-0.815906753074286,-1.78482468021741,0.609117745431069,0.145141575860554,-1.7828757359013
-0.981159212516229,-0.305804183797715,0.827507800668939,0.124735562281833,-1.55690670991184
-0.472675238367363,-0.305018157478416,0.801126147358801,0.106776900447835,-2.09041959299716
-0.470216468673656,-0.376487204149639,0.571532986585954,0.0986050111990364,-1.97221026996516
-0.847450649062452,-0.0377684689498811,-0.186452850062543,1.55239517301385,-2.13254533965873
-0.131705075663598,-0.237499931280869,0.975859114929308,0.30764678546771,-2.35804153446368
-0.693536137905014,-0.0341203705433845,0.780161830099073,0.160107566454502,-2.18177780518936
0.951781941228689,-0.242440193530537,1.31881151083927,0.266579222121636,-1.89945381679513
0.657605522788012,-0.571024716312844,0.520702818354784,-0.0323875810018876,1.252683672732
1.07046910034983,0.170486387942639,0.368439741707049,0.142546698068786,1.48621799767367
1.20780603407842,-0.179885183665373,-0.377105780837444,0.0453243986726168,0.628990838156473
1.16728477720937,-0.0869330787507214,0.204896233988773,-0.0870723253689293,0.644811596541194
2.03440937703176,0.335418267868929,-0.0356907985169368,0.589953682849969,2.09610304193202
1.3314954674677,0.551626699320943,-0.834459032334175,0.285517878411002,1.61884180076659
1.77298120780264,-1.11154685203879,0.358018988649545,-0.404622141632693,-0.500095878714363
0.104006421805162,-0.369110033789594,-0.0899414845565942,-0.161064541142949,0.353177974387904
-0.435988113338163,-0.499721482686499,-0.704065436568361,-0.135985113145346,0.74119841164296
-0.21941628932117,-0.449287134577245,-0.488117958542137,0.0773217445191381,1.57111231746187
-0.204711142134166,0.107008386860806,0.596249866601004,0.0122522201976269,0.414173044499724
-1.12053999045187,-0.238018512333793,-0.324210565950617,0.0532144077958122,1.31196927233852
-0.808044069018169,-1.61624053390644,-0.0745673486620657,-0.137468276796885,1.21504600506401
-0.237568914824435,-0.0956133463459686,-0.489618983644265,-0.152268300587907,1.04974748035282
0.0115083759590676,0.137039797700308,-0.280476152747691,-0.206955679348646,0.529682038307356
1.04929067088972,0.162239773407833,-0.64622845428562,-0.0812895512241363,0.246809470287045
1.32444086826911,1.24295694918104,-0.135093018523532,-0.0417262266791786,0.188482409937569
1.52788072997824,1.72383108880676,-0.795539514899168,-0.0315627357952761,0.20254127412269
1.54026287770107,1.36030441158363,0.776961673456169,0.100736515679473,0.15148217367484
1.38596195604551,0.853347940404093,0.519312988956266,-0.0192232357174641,-0.0464884514699032
1.17318181541952,0.667092321690063,0.398730639085274,0.0810997450603412,-0.0602860522496043
0.948333840012571,0.492591609545519,0.355801321164398,0.220042937439497,0.13663288233197
0.734222729893051,0.547701794912108,-0.444622588826097,0.0498900829292909,0.075448068984858
-0.341779831583734,0.415466344663092,0.00271928009552869,0.0152109242989924,0.110172302566312
-0.774587861442935,0.453767345865461,0.104884506819495,0.307770881950859,-0.0842092590453074
-0.86490131083031,0.375729203153994,-0.156821494017072,0.171691275520589,-0.0915767730693129
-0.599999659559584,0.374788387790069,0.685467370640062,0.0583254115478123,-0.166415922909994
-0.805455822589103,0.128390807156325,0.076492389584688,0.01071928304522,-0.233159276550222
-0.829151211006932,0.393262649033364,-0.416030334911006,-0.166978475013845,-0.340039686553582
-0.898391840837314,0.131972248114726,0.51779831817139,-0.0246132052219909,-0.425255266883935
-1.00292576361499,0.0719329000055711,0.67241300081246,-0.291616909617057,-0.320965401727653
-0.850887571106926,-0.224389584013479,0.834196215456422,-0.21721372842627,-0.481864713241617
-0.843019054439517,-0.704090196160378,1.02189713019714,-0.20985059804252,-0.414336632884186
-1.04969034482162,-0.778595826352917,0.983102454148487,-0.202908970650326,-0.339521862606193
-1.3435543135157,-0.925144204270859,0.553709206599587,-0.112043463245566,-0.290105710558352
-1.57168070251992,-1.41603795201553,0.777844094273784,0.10539412373617,-0.253930154993434
0.625465510488732,0.0362474561231339,-0.0194140173194938,0.141640746616319,-0.167754203121575
-0.632614163753865,-0.186449414950847,0.139139719074434,0.0991690514296224,-0.281593273230189
-0.303216873956105,-0.271275563165086,-0.33896861587991,0.392785400954077,-0.2004983479622
0.0714490942687604,-0.247379305962505,0.20485732718217,0.540029567873196,-0.0218819705296647
-0.400387205985619,-0.320818175363589,0.251157128741462,0.149435917566414,-0.250566335207034
-0.633790812073617,-0.387903294263586,0.439440259279366,0.299353994088218,-0.319623558740732
-0.582204200489489,-0.624910087833823,0.871294278283574,0.244213499611556,-0.0545639449405929
-0.219914790401627,-0.595092281345494,0.371584827541325,0.954820124289009,-0.167088371307173
0.0141914833301253,-0.724878742387966,0.291020716605263,0.196554683235019,-0.282316465727579
0.325771684790915,-0.547459841464532,-0.456212322038895,-0.117641549852174,-0.391219666879066
-0.314532787931284,-0.147475209765999,0.455651330382354,-0.229911506046905,-0.874278154285445
-1.16220384690673,-0.135771859274402,0.291948623032034,-0.177197288165389,-0.508699384418059
0.308881171564534,0.148785509648902,0.00704951008712368,-0.190477266793111,-0.233665292442195
-0.453018341042028,-0.105822716169378,0.826563730240144,-0.204486972474965,-0.0553816934955267
-0.486303352509465,-0.0519272457587147,0.776106544004048,-0.102024864015011,0.185853030839277
-0.810831627005423,0.554425831010681,0.516865863183705,-0.105136082971437,0.178923890872561
0.453562821063081,0.745259430103102,1.13717585804061,-0.178482872289636,0.293625101716855
1.0630661646435,0.966037536179893,0.84427582644526,-0.249909188602556,0.190062246317256
1.56080664964269,-0.0512379256804003,-0.194120501434578,0.027714309436272,-0.549994473863968
0.168489426505487,-0.614787068638419,-1.25607301838593,-0.21238696652271,-0.576808430046642
0.839301291584098,-0.872979589574069,0.176905612446101,-0.0882069164228154,-0.339132276977724
-0.312348780202301,-0.660995358700596,-0.660934759635634,-0.152075157218391,-0.5604267890297
-1.11562394622376,-0.339358780032928,0.327681309674454,-0.0418547593201033,-0.56370148853579
-1.57209196379059,0.0836683529035064,-0.336831600159676,-0.170402634170001,-0.280226011151417
-1.06700159731202,-0.146905709999459,-0.105414466459697,-0.0765102084071268,-0.327255561792045
-0.865130359704031,0.31005963828641,0.133639701017475,-0.111086625683233,-0.349301812013677
0.314709751266365,1.27710744138476,0.966835992404442,0.208670812498807,-0.290618677717285
0.200922795715744,0.703043803304722,0.890288260756803,-0.143444883466275,-0.696884647357211
0.276326308452959,0.650795025565042,0.572016356374569,-0.125689069946964,-0.68498497771898
0.756649949231173,0.835348719856692,-0.199969950771963,-0.151977684651594,-0.364630500227045
0.660743997716267,1.28499035663305,-0.960566661385981,-0.17274987895423,-0.170408958125018
0.60063488792357,0.653277539813446,-0.515776535137974,-0.111160388706756,-0.0880551516387566
0.163799034924515,-0.00125450448554132,-0.192055454778922,0.0395190275935469,0.0169099256104324
0.335010478903527,0.0860762663830856,-0.76347751691559,0.0664820470846671,0.00650140469429751
-1.25286658606979,0.0391033033390835,0.435741471344961,0.138651262420206,0.0906144180296168
-0.208718831166454,-0.206720425226778,0.328381788055447,0.120610934381594,0.0923514745954131
-0.211953131742097,0.453506375405973,-0.709345931304269,-0.376255609438738,-0.180977620397551
-0.345088236093945,0.729172978734708,-0.28455127884098,-0.412099170083211,-0.184333551181411
-0.195037262858293,0.717052619006202,-0.682718655704692,-0.521418605337047,-0.181478190332932
-0.591309167513975,0.791527744430921,-1.12491610223084,-0.633633239264135,-0.184641171383692
-1.04690763994729,0.768962219971022,0.312674769369552,-0.66610214158246,-0.118531940857334
-0.925821009347249,0.541792307940222,0.115631110508316,-0.74875887822666,-0.118539066408016
-0.154779931650222,0.815678006680391,-0.399397893397475,-0.547562328388329,-0.16780441126536
-0.193703215042136,0.990647767383579,-0.216809561125828,-0.293862312164261,-0.0329085754408317
-0.294024129271428,0.880524498460835,-0.0652105743717626,-0.308728195797713,-0.206418788344629
-0.243016404358071,0.957358306898257,-0.307680711096506,-0.395210072090287,-0.174519021259771
-0.415945066311754,0.968723900143795,-0.252620381213883,-0.363009877929079,-0.152695037322613
0.0378943391608682,1.13756371265237,-0.275308603060601,-0.384061317963622,-0.0603497327738564
0.423789671890013,0.462309568154709,-0.754253873223405,-0.0714773338191312,-0.0645448498408434
-0.0975222397030965,-0.165033214154259,-1.10001273121825,-0.0953370375349177,-0.111965745904262
0.032499878489262,-0.234591182425728,-0.78956435161075,-0.275916822298749,-0.275372844083816
0.448385631693086,-0.381816554770071,-0.689045703938209,-0.16642878584829,-0.18275860089362
-0.19875182616665,-0.29167058646737,-0.814595082328972,-0.198534141836398,-0.0135987911648775
0.487837576491865,0.0192011631744906,-0.865316085098169,-0.251443304851508,-0.236057261920689
0.337086203850183,-0.211465548144834,-0.563059663699555,-0.109062228697471,-0.242530621127738
0.468008399275996,-0.329015519921905,-0.556361771294594,0.0210267664653039,0.0806071931643222
0.424572375922057,-0.0611189339977926,-0.344005518568017,0.134721929650234,0.0553637948764111
0.978507135583935,-0.249805057841232,-0.69968478791966,-0.0478678975045812,0.0529496430364562
1.41302452559426,-0.395135208224539,-1.5267268763879,-0.248843158272345,0.0287452518315
1.6456760488595,-0.749852350123449,-0.736450805799978,0.771776282301104,-0.217893775162238
1.61892704540463,-0.661893513267894,-0.997706499105905,-0.0297748815920249,-0.22049867290426
1.0086414838431,-0.811032531244926,-0.691570155246335,0.205926956892588,0.264139243707482
0.733329593517324,-0.978148824371726,-0.399884589415438,0.207602431284024,0.647122629185731
0.0727685913902022,-1.40950406095017,-0.387803611623761,0.202496976298798,0.444407481568057
-0.115437348313176,-0.713478283759552,-0.702345696055251,0.175138797753094,0.444652956789037
0.444597026624711,-1.91693713137345,-1.00066761226192,0.201585476079557,0.326950362204082
-0.710490640442146,-1.61424375679813,-0.505961578526769,0.185889758431478,0.313540635686054
-1.23502555582525,-1.48826435118496,-0.843683129383856,0.0536879795235264,0.116003320367937
1.52393294563305,2.89915100321814,-6.46179664663607,29.1049119929856,0.326052032288776
1.53179887002877,3.09360832710554,-0.635026433975246,-0.672780659244066,0.298382144778873
1.34431282037416,1.96641487235446,4.74128614553681,-0.434589318715573,0.402214396891026
1.13437445758341,2.1459746945322,-0.816604985723642,-0.561398493725301,0.397801746941089
1.51529582041089,2.6677783798586,-7.06486759562307,-0.424328355264873,0.24430572989491
1.30168129233612,1.82980032677268,8.07564511316146,-0.177180076165809,0.393451700043568
1.53665289875989,1.93726922785406,-1.85139349688739,-0.0868994041618335,0.348411195978911
1.30703838379121,1.5111685130393,3.29799137854833,-0.30214254119378,0.402119321686218
0.953599070246175,1.84718049374445,-3.90795708643551,-0.271196318432452,0.305438424928466
1.60336177024692,1.86657669363891,-4.28240371812468,-0.173866008894697,0.211777896414262
1.56867555492498,1.36874884973608,1.76275654977402,-0.279073155587162,0.258275270212558
1.11044454958653,1.67862504003688,-0.407402800078828,-0.168141471390622,0.26776945573427
0.999921912155892,1.97199784892016,-2.67030730699956,-0.196558676202612,0.203959080548159
1.09261377081472,1.75312160940729,-1.26974626981258,-0.262220939105999,0.176861425654777
0.810468409300465,1.25941130510523,-0.882163394199335,-0.111718027183411,0.165586412327367
0.436830762849846,1.64506481198374,-0.559183729269515,-0.150151196832258,0.191047938990679
0.923760402976135,1.53998132334033,-0.240165860897133,-0.105298009743268,0.19091357146354
0.548489220321193,0.863901737947125,1.75491483075563,-0.210931928214683,0.238788161518213
0.541063496061065,0.079615383422837,5.80352522182584,0.0934090380511833,0.446055772569555
0.390471062077101,0.831036625964632,-4.78505153921837,0.0287531135401367,0.268175459432748
0.169200421596158,0.418499508829107,0.047858113396754,0.0507634728804698,0.283317152837515
0.796286738976954,1.24218426602737,-5.67566431504221,-0.232823739838641,0.0518645320790699
0.956561550731774,0.783275673423205,0.983169597337617,-0.0563272653055122,0.0348071089251663
0.960292315738166,0.504657356273721,0.516446310354871,-0.147319223607739,0.0656946355492371
0.928116553526657,0.478059916982132,-1.33151117848471,-0.196679858312684,0.00525551617063077
1.34757422218849,1.3234805293611,-5.37565033417495,-0.0989122394211895,-0.144879531309421
1.42581303208174,1.1018356046344,1.50362958297656,0.338642112932364,-0.0515415866539297
0.812810445759835,1.28254645324935,-0.931674479764998,0.230871701172497,-0.15984939714918
0.610157581532726,0.868226468347137,-1.4571833680202,-0.0251413127177368,-0.240506966295693
0.783844806988381,-0.0430059153959318,1.0012819669033,0.192838959365629,-0.258839735779622
0.693060212222165,-0.469923916366318,-2.12962896809103,0.27424962779104,-0.319243792359196
0.568535419282233,-0.31398354327525,-0.740803218066152,0.325096060541222,-0.219951839347761
2.10068666285758,-0.747425789216365,-0.442413073445747,0.124563377914592,-0.416521606676901
0.0657579262065697,-0.125892201998802,-1.82186423942369,0.202675785431075,-0.455339367331339
0.181866828110998,-0.882840832962561,-0.459479274000857,0.149408344873141,-0.467672575831753
-0.0985110091561918,-1.23607079192344,1.27547831601394,0.255640270713827,-0.374265309747489
-0.621725162115525,-1.76257100338436,-0.180083919763752,0.203747983665846,-0.388462053338297
-0.898086436422996,-1.62037499137391,0.26058066173386,0.0680767082586468,-0.392169630048293
-0.638058903988952,-1.88131307732561,-0.562813480880117,0.156753034501011,-0.585223905155096
-0.843640630178239,-1.71115838851307,-2.07995868289332,0.115661761611661,-0.365930960289574
-0.620227315132241,-1.92007678451113,1.87132160170615,0.0849947845822397,-0.482779099554227
-0.429282283955763,-1.71072044877705,-1.93316297646607,0.118917872221434,-0.581766995138721
0.04122482899187,-1.9461190974339,-0.00390905838301803,-0.0244774455060356,-0.274603998726796
-0.993448820968845,-2.19784081714798,-0.122035185359618,0.0455447389662627,-0.285168543754462
-1.36212494042189,-2.16573983449799,-0.47131917806401,-0.0621334690142008,-0.337634991358714
-0.905788723668572,-2.32688353570774,0.0889680069514134,0.0140347559537285,-0.281966779349277
-1.56027251746807,-1.69559642651428,-0.962522819894197,0.0340772232022328,-0.768628963116073
-1.75030466396879,-2.11296809630802,2.05037115358551,-0.0737801235496422,-0.651173421552606
-1.96395483577923,-2.31848566373537,0.0612217853666134,-0.147998897181623,-0.132132684591941
-1.71130555663008,-2.54312005570834,-1.05165641959514,-0.153802466496615,0.116649504459653
-1.5481528372534,-2.44950968206634,-2.25475533031665,-0.247120594433493,-0.015627991780461
-2.29359134364847,-3.0551818471139,1.59681140189234,-0.197646680799567,0.0556502404522888
-2.81605317075958,-3.14209929347995,1.63247666803109,-0.158907921481841,0.175712277917001
-1.95944671330115,-2.1211485085494,-0.645206113304227,-0.170451834663091,0.165175420743412
-1.81491703573017,-1.83434328556935,0.188304028785913,-0.172680531730945,0.0623790811893466
0.714283451080377,0.727118478944092,-0.0510365929171172,0.0758356024446863,-0.0355841180253644
0.876981550810209,0.683948376168747,-0.153474733296016,0.0272573826678171,-0.0267561816717375
0.639100929504352,0.507080463838703,-0.268093919806733,0.0488778517409606,-0.011933504260664
0.285115132684614,0.534670667207729,0.0296366834809179,0.0748924895010789,-0.112944201172643
0.204164644591346,0.325324298377985,0.298029068863329,0.159862223811444,-0.153895453494725
0.295148520243386,-0.0505024448791234,0.62068123740723,0.28069659391586,-0.210710726473524
0.351765192007778,0.400839606182594,0.506102987944752,0.0372838850794638,-0.250277433401386
0.487927502628873,0.584601988675373,0.862883009037956,0.118449554891033,-0.129054867676523
0.613326377177763,0.448254586332568,1.09422281720237,0.0384667278495187,-0.306190153592781
0.72861628324655,0.172188702775549,0.63619637869014,0.129711587946679,-0.314158809610359
0.737357342361604,0.0362879989634808,-0.0579458569478239,0.0504400472034163,-0.325617051383866
0.571771776008073,0.0419946557511773,0.195786516603799,0.203240150429987,-0.336632287492142
0.524241178518379,-0.313671758278974,0.665216197331291,-0.0305254086871637,-0.337359602629569
0.373224341054403,0.180604847405867,1.32760038065695,-0.0122980386960489,-0.343910172267931
0.41273671818685,0.846464308686508,0.739348643132778,0.153544947725493,-0.542427301701556
0.749126012788356,0.159312217440755,0.500317218460184,0.175658048420018,-0.506176113505831
1.16275439150589,-0.405966047507388,0.917424802976208,0.134711667184016,-0.250842285983272
1.06666764524262,-0.34140678378829,-0.240438669440244,0.0281504421311771,-0.517766788728435
0.995197256720245,-0.376149298114973,0.140826255061317,0.0176998023342769,-0.542436717607813
0.80578586207801,-0.742258762684688,0.409896376020145,0.132364422399787,-0.212474402060795
0.842901278994751,-0.931402065409788,0.308909226573304,0.190934897470239,-0.237602147571465
0.492183931727992,-1.04209661916748,-0.321043717424546,0.0533958369317052,-0.311891103105947
0.449100700348753,-0.975257954629269,-0.125350981155226,0.005860837058938,-0.320919837477781
0.366556289202856,-0.900105985791851,0.468568263269708,0.0610882665276085,-0.756876500800905
0.492255300207834,-0.0686810212937558,0.294135500719626,0.131655770495233,-0.799826266502007
0.633979977798114,-0.121256441671023,0.0675170987855432,0.14930093947926,-0.489847557841467
0.848941110005012,-0.485417829483976,0.0359591831535199,0.0797687522346464,-0.293827781231363
-0.191522945824724,-0.900880686083494,0.0946401675249141,0.0919897045960833,-0.231625795524456
-0.628562130134111,-1.09585145655795,0.153753265183285,0.0442913723140881,-0.178170830453507
-0.761412813676965,-0.686509487330919,-0.52778945671863,0.0212035459515891,-0.21189921743042
-0.684136384646967,-0.73916237773735,0.640658516948286,0.0689492973201344,-0.129393229540317
-1.3154023350782,-0.395777153028416,0.884811621211779,-0.0938061796882577,-0.258308539781008
-0.140297358141472,-0.124443633907494,-1.4918863755545,0.244429384338686,-2.12153075824203
0.284284016515268,-0.245628958534606,1.58921781741465,-0.028989068709128,-2.02711975655068
0.34549565185921,0.100537455322697,0.724136114009742,0.0153925619080582,-1.94608290452075
0.6176372749221,0.819962050581261,0.165199851586234,0.143914092820983,-1.5680836381571
0.530456747883645,0.54426584856692,-1.30302557778033,0.0390019982226082,-1.4214774687553
0.20085029416426,0.248315386802931,0.893087860656597,0.219631836466687,-1.30340200428254
-0.488486511438446,1.07559759241201,2.34943699747268,0.0476612503053939,-0.798214712060203
0.0218396767854266,1.3256889681985,1.09319270101399,0.0203346844840564,-0.842591623769244
0.0821404526658719,0.906144211231908,0.938468852910949,0.0414098340618738,-1.10407948403474
0.192721335200947,0.693289341061865,-0.238553158081762,0.186551754810605,-0.183810745353181
0.955494524374016,1.17363795300437,0.14296648583107,-0.0611760909018497,-0.0899535007433747
0.557582440817817,0.884428138846179,-0.0498879484269527,-0.126643408671642,-0.0343533275635891
-0.080539825196122,0.47173864888526,-1.17943662914416,-0.00368835164095823,-0.23909305789642
-0.610889448995296,1.31816697569817,0.127528670083724,-0.0608388885086046,-0.275440899097461
-1.03270916321358,0.767757217828885,-1.29802216077323,-0.120497368176011,-0.283667143772177
-0.780235915513563,1.30968755632668,-1.04049173885713,-0.257435786951577,0.0664695398324236
-0.734108952133083,1.51423561578671,-0.756161196026665,-0.215019414032522,0.457937471197597
-0.336170070968334,1.26944119661419,-0.927746559443617,-0.317758133830685,1.15898625101133
-0.160056300996362,0.703308949180812,-1.04372576566808,-0.122425744362381,2.55084805887828
-0.936306791670894,-2.12528672256909,-0.0160466552153278,-0.29088468372527,2.41660980958808
-1.77936587528386,-1.78493204083338,-0.432653898030643,-0.030809434753912,1.99701870389607
-1.51016575150761,-0.61712209178602,0.773283314702162,-0.010701107662977,2.11743084002449
-1.09989663286054,-0.503293701682875,0.652241560178701,-0.165416415107432,2.29904331302114
-1.15938035710911,-0.980356255468234,0.627360931970692,-0.109662106899316,2.78336851975155
-0.450896222752315,-0.886893573226869,-0.174445740538127,-0.153814545264843,6.49076251026881
0.199830964332423,-0.73705022734336,-0.308832972787786,-0.0328431866881714,4.57278872163517
-0.20549096581983,-0.539283136147589,-0.565417294033453,-0.0509572777503054,0.306429482791578
0.184625508710115,-0.601811114560081,-0.621373690416438,-0.0488023437059736,2.82583018523096
1.07801986575952,-0.608460851917234,-0.343019956628992,0.0126791363999142,4.19191938525056
0.776833539638766,-0.676988755726852,-0.358153018794997,0.447888878362935,2.73507153723183
0.373308620824003,0.247822327065657,-0.588619503263627,0.0610202607440329,3.02102039505136
-0.392805763526219,0.102101957276189,-0.764412285527456,0.0362727663522808,3.65011134323608
-2.39123515282825,-0.0414542351488474,0.903549550762341,-0.0588235773302258,4.11157065782931
-0.0550647612576995,0.479146021985721,0.764299906893969,0.0514942931348594,13.3779889699409
0.437505094996831,0.45244800756855,-0.327327421470375,0.0510148334819641,14.0890018653438
0.997504717292434,0.462607756403022,-0.619367775052685,-0.0575195524500983,3.41736337370891
0.491567731083074,0.34982407909083,-0.420991387843196,-0.15785570519639,-2.99653565774185
0.313674706834656,-0.123450175167026,0.690676899915022,-0.0967957280820583,-1.91597897979481
-0.539445550249209,-0.42552572248442,-0.294773370997849,-0.365372165514369,-3.84549514259679
-0.771243568061994,0.047697760966799,0.777399762330727,-0.157734523086317,-4.46785702609858
-0.17817798125638,0.472902662500851,1.86879966264929,-0.153016323974583,-3.75757755344799
0.45001094268415,1.13775755043255,0.125832056862227,-0.116108468276431,-2.40754629085722
